INSERT INTO profiles (id, name) VALUES (2, 'Perfil 2');
INSERT INTO profiles (id, name) VALUES (3, 'Perfil 3');
INSERT INTO profiles (id, name) VALUES (4, 'Perfil 4');
INSERT INTO profiles (id, name) VALUES (5, 'Perfil 5');
INSERT INTO profiles (id, name) VALUES (6, 'Perfil 6');
INSERT INTO profiles (id, name) VALUES (7, 'Perfil 7');
INSERT INTO profiles (id, name) VALUES (8, 'Perfil 8');
INSERT INTO profiles (id, name) VALUES (9, 'Perfil 9');
INSERT INTO profiles (id, name) VALUES (10, 'Perfil 10');
INSERT INTO profiles (id, name) VALUES (11, 'Perfil 11');
INSERT INTO profiles (id, name) VALUES (12, 'Perfil 12');
INSERT INTO profiles (id, name) VALUES (13, 'Perfil 13');
INSERT INTO profiles (id, name) VALUES (14, 'Perfil 14');
INSERT INTO profiles (id, name) VALUES (15, 'Perfil 15');
INSERT INTO profiles (id, name) VALUES (16, 'Perfil 16');
INSERT INTO profiles (id, name) VALUES (17, 'Perfil 17');
INSERT INTO profiles (id, name) VALUES (18, 'Perfil 18');
INSERT INTO profiles (id, name) VALUES (19, 'Perfil 19');
INSERT INTO profiles (id, name) VALUES (20, 'Perfil 20');

INSERT INTO users (id, name, telephone, email, login, password) VALUES (2, 'usuário 2', null, null, 'user2', MD5('user2'));
INSERT INTO users (id, name, telephone, email, login, password) VALUES (3, 'usuário 3', null, null, 'user3', MD5('user3'));
INSERT INTO users (id, name, telephone, email, login, password) VALUES (4, 'usuário 4', null, null, 'user4', MD5('user4'));
INSERT INTO users (id, name, telephone, email, login, password) VALUES (5, 'usuário 5', null, null, 'user5', MD5('user5'));
INSERT INTO users (id, name, telephone, email, login, password) VALUES (6, 'usuário 6', null, null, 'user6', MD5('user6'));
INSERT INTO users (id, name, telephone, email, login, password) VALUES (7, 'usuário 7', null, null, 'user7', MD5('user7'));
INSERT INTO users (id, name, telephone, email, login, password) VALUES (8, 'usuário 8', null, null, 'user8', MD5('user8'));
INSERT INTO users (id, name, telephone, email, login, password) VALUES (9, 'usuário 9', null, null, 'user9', MD5('user9'));
INSERT INTO users (id, name, telephone, email, login, password) VALUES (10, 'usuário 10', null, null, 'user10', MD5('user10'));
INSERT INTO users (id, name, telephone, email, login, password) VALUES (11, 'usuário 11', null, null, 'user11', MD5('user11'));
INSERT INTO users (id, name, telephone, email, login, password) VALUES (12, 'usuário 12', null, null, 'user12', MD5('user12'));
INSERT INTO users (id, name, telephone, email, login, password) VALUES (13, 'usuário 13', null, null, 'user13', MD5('user13'));
INSERT INTO users (id, name, telephone, email, login, password) VALUES (14, 'usuário 14', null, null, 'user14', MD5('user14'));
INSERT INTO users (id, name, telephone, email, login, password) VALUES (15, 'usuário 15', null, null, 'user15', MD5('user15'));
INSERT INTO users (id, name, telephone, email, login, password) VALUES (16, 'usuário 16', null, null, 'user16', MD5('user16'));
INSERT INTO users (id, name, telephone, email, login, password) VALUES (17, 'usuário 17', null, null, 'user17', MD5('user17'));
INSERT INTO users (id, name, telephone, email, login, password) VALUES (18, 'usuário 18', null, null, 'user18', MD5('user18'));
INSERT INTO users (id, name, telephone, email, login, password) VALUES (19, 'usuário 19', null, null, 'user19', MD5('user19'));
INSERT INTO users (id, name, telephone, email, login, password) VALUES (20, 'usuário 20', null, null, 'user20', MD5('user20'));

INSERT INTO users_profiles (id_user, id_profile) VALUES (2, 2);
INSERT INTO users_profiles (id_user, id_profile) VALUES (3, 2);
INSERT INTO users_profiles (id_user, id_profile) VALUES (4, 3);
INSERT INTO users_profiles (id_user, id_profile) VALUES (5, 3);
INSERT INTO users_profiles (id_user, id_profile) VALUES (6, 3);
INSERT INTO users_profiles (id_user, id_profile) VALUES (7, 4);
INSERT INTO users_profiles (id_user, id_profile) VALUES (8, 5);
INSERT INTO users_profiles (id_user, id_profile) VALUES (9, 5);
INSERT INTO users_profiles (id_user, id_profile) VALUES (10, 6);
INSERT INTO users_profiles (id_user, id_profile) VALUES (11, 6);
INSERT INTO users_profiles (id_user, id_profile) VALUES (12, 7);
INSERT INTO users_profiles (id_user, id_profile) VALUES (13, 8);
INSERT INTO users_profiles (id_user, id_profile) VALUES (14, 8);
INSERT INTO users_profiles (id_user, id_profile) VALUES (15, 8);
INSERT INTO users_profiles (id_user, id_profile) VALUES (16, 9);
INSERT INTO users_profiles (id_user, id_profile) VALUES (17, 9);
INSERT INTO users_profiles (id_user, id_profile) VALUES (18, 10);
INSERT INTO users_profiles (id_user, id_profile) VALUES (19, 10);
INSERT INTO users_profiles (id_user, id_profile) VALUES (20, 10);
